[{"id":22,"name":"AMFITRION","countermark":"272","arrivalDateTime":"2025-05-27T14:48:00.000Z","draft":"12.00","shipAgent":"MOZHANDLING","shipAgentEmail":"manuelantonio19801@gmail.com","cargoAgent":"IMOPETRO,MOZHANDLIMG & STURROCK","cargoAgentEmail":"","shipowner":"IMOPETRO,VITOL & TRAFIGURA ","cargoType":"GASOIL","cargoDestination":"NACIONAL & TRANSITO","operationType":"combinado","status":"next_to_berth","hasDischargeInstructions":true,"berthingConfirmed":false,"confirmationEmailSentAt":null,"confirmationReceivedAt":null,"berthingStartedAt":null,"departedAt":null,"createdAt":"2025-06-19T22:56:00.000Z","updatedAt":"2025-06-24T17:33:48.311Z","parcels":[{"id":48,"shipId":22,"parcelNumber":"P001","product":"Diesel","volumeMT":"6850.00","volumeM3":"6850.00","density15C":"0.800","receiver":"IMOPETRO","owner":"IMOPETRO","status":"pending","createdAt":"2025-06-19T08:47:15.790Z"},{"id":49,"shipId":22,"parcelNumber":"P002","product":"Diesel","volumeMT":"31500.00","volumeM3":"31500.00","density15C":"0.800","receiver":"PETRODA","owner":"VITOL","status":"pending","createdAt":"2025-06-19T08:47:15.790Z"},{"id":50,"shipId":22,"parcelNumber":"P003","product":"Diesel","volumeMT":"10000.00","volumeM3":"10000.00","density15C":"0.800","receiver":"LAKE OIL","owner":"TRAFIGURA","status":"pending","createdAt":"2025-06-19T08:47:15.790Z"}]},{"id":23,"name":"EL GAIA","countermark":"274","arrivalDateTime":"2025-05-27T20:48:00.000Z","draft":"11.95","shipAgent":"MOZHANDLING","shipAgentEmail":"manuelantonio19801@gmail.com","cargoAgent":"IMOPETRO & MOZHANDLING","cargoAgentEmail":"","shipowner":"IMOPETRO & VITOL","cargoType":"GASOIL","cargoDestination":"NACIONAL & TRANSITO","operationType":"Combinado","status":"next_to_berth","hasDischargeInstructions":true,"berthingConfirmed":false,"confirmationEmailSentAt":null,"confirmationReceivedAt":null,"berthingStartedAt":null,"departedAt":null,"createdAt":"2025-06-19T22:56:30.000Z","updatedAt":"2025-06-20T11:30:16.487Z","parcels":[{"id":51,"shipId":23,"parcelNumber":"P001","product":"Produto não especificado","volumeMT":"9523.00","volumeM3":"9523.00","density15C":"0.800","receiver":"IMOPETRO","owner":"IMOPETRO","status":"pending","createdAt":"2025-06-19T09:06:23.608Z"},{"id":52,"shipId":23,"parcelNumber":"P002","product":"Produto não especificado","volumeMT":"37200.00","volumeM3":"37200.00","density15C":"0.800","receiver":"PETRODA","owner":"VITOL","status":"pending","createdAt":"2025-06-19T09:06:23.608Z"}]},{"id":28,"name":"MT CLEAR OCEAN MAGIC","countermark":"320","arrivalDateTime":"2025-06-18T05:00:00.000Z","draft":"9.30","shipAgent":"MOZHANDLING","shipAgentEmail":"calisto.francisco@mozhandlings.com","cargoAgent":"IMOPETRO","cargoAgentEmail":"","shipowner":" IMOPETRO","cargoType":"JET A1 & GASOLINE","cargoDestination":"NACIONAL","operationType":"nacional","status":"departed","hasDischargeInstructions":true,"berthingConfirmed":false,"confirmationEmailSentAt":null,"confirmationReceivedAt":null,"berthingStartedAt":"2025-06-21T14:58:37.863Z","departedAt":"2025-06-22T01:40:00.000Z","createdAt":"2025-06-19T22:37:45.299Z","updatedAt":"2025-06-22T08:08:53.811Z","parcels":[{"id":72,"shipId":28,"parcelNumber":"P001","product":"","volumeMT":"0.00","volumeM3":"0.00","density15C":"0.000","receiver":"PETROMOC","owner":"IMOPETRO","status":"completed","createdAt":"2025-06-21T12:58:24.723Z"},{"id":73,"shipId":28,"parcelNumber":"P002","product":"","volumeMT":"0.00","volumeM3":"0.00","density15C":"0.000","receiver":"PETROMOC","owner":"IMOPETRO","status":"completed","createdAt":"2025-06-21T12:58:24.723Z"},{"id":74,"shipId":28,"parcelNumber":"P003","product":"","volumeMT":"0.00","volumeM3":"0.00","density15C":"0.000","receiver":"LAKE OIL","owner":"IMOPETRO","status":"completed","createdAt":"2025-06-21T12:58:24.723Z"},{"id":75,"shipId":28,"parcelNumber":"P004","product":"","volumeMT":"0.00","volumeM3":"0.00","density15C":"0.000","receiver":"IGBTL","owner":"IMOPETRO","status":"completed","createdAt":"2025-06-21T12:58:24.723Z"}],"latestProgress":{"id":20,"shipId":28,"discharged":"100.00","remaining":"0.00","percentage":"100.00","estimatedCompletionHours":null,"recordedAt":"2025-06-21T22:00:00.000Z","recordedBy":3}},{"id":40,"name":"MT MISSION","countermark":"266/25","arrivalDateTime":"2025-06-19T12:00:00.000Z","draft":"12.00","shipAgent":"MHS","shipAgentEmail":"calisto.francisco@mozhandlings.com","cargoAgent":"IMOPETRO,MOZHANDLING & STURROCK","cargoAgentEmail":"ops@imopetro.co.mz","shipowner":"IMOPETRO,VITOL,TOTSA,KEMEXON & TRAFIGURA","cargoType":"Diesel","cargoDestination":"COMBINADA","operationType":"combinado","status":"at_berth","hasDischargeInstructions":true,"berthingConfirmed":false,"confirmationEmailSentAt":null,"confirmationReceivedAt":null,"berthingStartedAt":"2025-06-26T11:38:44.910Z","departedAt":null,"createdAt":"2025-06-19T22:55:50.000Z","updatedAt":"2025-06-26T15:13:51.365Z","parcels":[{"id":102,"shipId":40,"parcelNumber":"P010","product":"Gasolina","volumeMT":"3805.00","volumeM3":"5000.00","density15C":"0.761","receiver":"PETROBEIRA","owner":"TRAFIGURA","status":"pending","createdAt":"2025-06-25T01:23:23.808Z"},{"id":103,"shipId":40,"parcelNumber":"P011","product":"Gasolina","volumeMT":"0.00","volumeM3":"1176.00","density15C":"0.000","receiver":"Cliente","owner":"Proprietário","status":"pending","createdAt":"2025-06-26T15:11:57.430Z"},{"id":104,"shipId":40,"parcelNumber":"P012","product":"Gasolina","volumeMT":"0.00","volumeM3":"1176.00","density15C":"0.000","receiver":"Cliente","owner":"Proprietário","status":"pending","createdAt":"2025-06-26T15:14:17.767Z"},{"id":93,"shipId":40,"parcelNumber":"P001","product":"Diesel","volumeMT":"1250.00","volumeM3":"1488.10","density15C":"0.840","receiver":"PETROBEIRA","owner":"IMOPETRO","status":"Aguardando Descarga","createdAt":"2025-06-23T19:51:30.850Z"},{"id":94,"shipId":40,"parcelNumber":"P002","product":"Diesel","volumeMT":"1990.00","volumeM3":"2369.05","density15C":"0.840","receiver":"SAMCOL","owner":"IMOPETRO","status":"Aguardando Descarga","createdAt":"2025-06-23T19:51:30.850Z"},{"id":95,"shipId":40,"parcelNumber":"P003","product":"Diesel","volumeMT":"1080.00","volumeM3":"1285.71","density15C":"0.840","receiver":"LAKE OIL","owner":"IMOPETRO","status":"pending","createdAt":"2025-06-25T01:21:14.709Z"},{"id":96,"shipId":40,"parcelNumber":"P004","product":"Gasolina","volumeMT":"2800.00","volumeM3":"3679.37","density15C":"0.761","receiver":"LAKE OIL","owner":"TOTSA","status":"pending","createdAt":"2025-06-25T01:22:55.265Z"},{"id":97,"shipId":40,"parcelNumber":"P005","product":"Gasolina","volumeMT":"4680.00","volumeM3":"6149.80","density15C":"0.761","receiver":"PETRODA","owner":"VITOL","status":"pending","createdAt":"2025-06-25T01:23:12.578Z"},{"id":98,"shipId":40,"parcelNumber":"P006","product":"Gasolina","volumeMT":"22600.00","volumeM3":"29697.77","density15C":"0.761","receiver":"PETRODA","owner":"VITOL","status":"pending","createdAt":"2025-06-25T01:23:14.687Z"},{"id":99,"shipId":40,"parcelNumber":"P007","product":"Gasolina","volumeMT":"3044.00","volumeM3":"4000.00","density15C":"0.761","receiver":"LAKE OIL","owner":"TOTSA","status":"pending","createdAt":"2025-06-25T01:23:16.523Z"},{"id":100,"shipId":40,"parcelNumber":"P008","product":"Gasolina","volumeMT":"761.00","volumeM3":"1000.00","density15C":"0.761","receiver":"PETROMOC","owner":"TOTSA","status":"pending","createdAt":"2025-06-25T01:23:18.139Z"},{"id":101,"shipId":40,"parcelNumber":"P009","product":"Gasolina","volumeMT":"6000.00","volumeM3":"7884.36","density15C":"0.761","receiver":"INPETRO","owner":"KEMEXON","status":"pending","createdAt":"2025-06-25T01:23:20.542Z"}]},{"id":27,"name":"UACC RYADH","countermark":"51","arrivalDateTime":"2025-01-30T13:48:00.000Z","draft":"12.10","shipAgent":"STURROCK","shipAgentEmail":"manuelantonio19801@gmail.com","cargoAgent":"TBA","cargoAgentEmail":"","shipowner":"TRAFIGURA","cargoType":"GASOIL","cargoDestination":"TRANSITO","operationType":"nacional","status":"at_bar","hasDischargeInstructions":false,"berthingConfirmed":false,"confirmationEmailSentAt":null,"confirmationReceivedAt":null,"berthingStartedAt":null,"departedAt":null,"createdAt":"2025-06-19T13:30:07.737Z","updatedAt":"2025-06-23T22:31:29.582Z","parcels":[{"id":56,"shipId":27,"parcelNumber":"P001","product":"Produto não especificado","volumeMT":"50000.00","volumeM3":"50000.00","density15C":"0.800","receiver":"TBA","owner":"TRAFIGURA","status":"pending","createdAt":"2025-06-19T13:30:07.772Z"}]},{"id":25,"name":"HELLAS TATIANA","countermark":"118","arrivalDateTime":"2025-03-08T18:45:00.000Z","draft":"11.50","shipAgent":"STURROCK","shipAgentEmail":"manuelantonio19801@gmail.com","cargoAgent":"MOZHANDLING","cargoAgentEmail":"","shipowner":"TOTSA","cargoType":"GASOIL","cargoDestination":"TRANSITO","operationType":"nacional","status":"at_bar","hasDischargeInstructions":true,"berthingConfirmed":false,"confirmationEmailSentAt":null,"confirmationReceivedAt":null,"berthingStartedAt":null,"departedAt":null,"createdAt":"2025-06-19T12:58:19.087Z","updatedAt":"2025-06-21T06:36:37.134Z","parcels":[{"id":54,"shipId":25,"parcelNumber":"P001","product":"Produto não especificado","volumeMT":"44047.00","volumeM3":"44047.00","density15C":"0.800","receiver":"SAMCOL","owner":"TOTSA","status":"pending","createdAt":"2025-06-19T12:58:19.171Z"}]},{"id":24,"name":"CLEAROCEAN MIRACLE","countermark":"117","arrivalDateTime":"2025-03-09T02:00:00.000Z","draft":"12.10","shipAgent":"MOZHANDLING","shipAgentEmail":"manuelantonio19801@gmail.com","cargoAgent":"STURROCK","cargoAgentEmail":"","shipowner":"GLENCORE","cargoType":"GASOIL","cargoDestination":"TRANSITO","operationType":"nacional","status":"at_bar","hasDischargeInstructions":true,"berthingConfirmed":false,"confirmationEmailSentAt":null,"confirmationReceivedAt":null,"berthingStartedAt":null,"departedAt":null,"createdAt":"2025-06-19T12:40:55.115Z","updatedAt":"2025-06-21T06:42:04.869Z","parcels":[{"id":53,"shipId":24,"parcelNumber":"P001","product":"Produto não especificado","volumeMT":"49613.00","volumeM3":"49613.00","density15C":"0.800","receiver":"XSTORAGE","owner":"GLENCORE","status":"pending","createdAt":"2025-06-19T12:40:55.207Z"}]},{"id":26,"name":"MARINA M","countermark":"141","arrivalDateTime":"2025-03-26T05:30:00.000Z","draft":"11.45","shipAgent":"STURROCK","shipAgentEmail":"manuelantonio19801@gmail.com","cargoAgent":"TBA","cargoAgentEmail":"","shipowner":"TBA","cargoType":"GASOLINE","cargoDestination":"TBA","operationType":"nacional","status":"at_bar","hasDischargeInstructions":true,"berthingConfirmed":false,"confirmationEmailSentAt":null,"confirmationReceivedAt":null,"berthingStartedAt":null,"departedAt":null,"createdAt":"2025-06-19T13:23:39.345Z","updatedAt":"2025-06-19T21:05:40.182Z","parcels":[{"id":55,"shipId":26,"parcelNumber":"P001","product":"Produto não especificado","volumeMT":"50198.00","volumeM3":"50198.00","density15C":"0.800","receiver":"TBA","owner":" TBA","status":"pending","createdAt":"2025-06-19T13:23:39.378Z"}]},{"id":44,"name":"PRIVE ANGEL","countermark":"TBA","arrivalDateTime":"2025-06-02T21:00:00.000Z","draft":"11.70","shipAgent":"MOZ HANDLING","shipAgentEmail":"manuelantonio19801@gmail.com","cargoAgent":"STURROCK","cargoAgentEmail":"manuelantonio19801@gmail.com","shipowner":"MOZ HANDLING","cargoType":"GASOIL.","cargoDestination":"TRANSITO","operationType":"transito","status":"expected","hasDischargeInstructions":false,"berthingConfirmed":false,"confirmationEmailSentAt":null,"confirmationReceivedAt":null,"berthingStartedAt":null,"departedAt":null,"createdAt":"2025-06-26T15:29:36.657Z","updatedAt":"2025-06-26T15:29:36.657Z","parcels":[{"id":105,"shipId":44,"parcelNumber":"P001","product":"GASOIL","volumeMT":"41094.80","volumeM3":"49511.81","density15C":"0.830","receiver":"XSTORAGE","owner":"GLENCORE-STURROCK","status":"pending","createdAt":"2025-06-26T15:29:36.691Z"}]},{"id":39,"name":"HANSA OSLO","countermark":"162","arrivalDateTime":"2025-06-19T10:00:00.000Z","draft":"11.50","shipAgent":"Grindrod Maritime","shipAgentEmail":"agent@grindrod.com","cargoAgent":"SGM","cargoAgentEmail":"ops@imopetro.co.mz","shipowner":"Hansa Shipping","cargoType":"Gasolina","cargoDestination":"Beira Terminal","operationType":"transito","status":"next_to_berth","hasDischargeInstructions":true,"berthingConfirmed":false,"confirmationEmailSentAt":null,"confirmationReceivedAt":null,"berthingStartedAt":"2025-06-23T22:30:35.403Z","departedAt":null,"createdAt":"2025-06-19T22:56:20.000Z","updatedAt":"2025-06-25T04:09:57.176Z","parcels":[{"id":91,"shipId":39,"parcelNumber":"P001","product":"Gasolina","volumeMT":"3500.00","volumeM3":"4666.67","density15C":"0.750","receiver":"Petromoc","owner":"IMOPETRO","status":"Aguardando Descarga","createdAt":"2025-06-23T19:51:30.850Z"},{"id":92,"shipId":39,"parcelNumber":"P002","product":"Gasolina","volumeMT":"2800.00","volumeM3":"3733.33","density15C":"0.750","receiver":"Total Moçambique","owner":"IMOPETRO","status":"Aguardando Descarga","createdAt":"2025-06-23T19:51:30.850Z"}]}]